1	Dream
2	Dream
3	Dream
4	Dream
5	Dream
6	Dream
7	Dream
8	Torgersen
9	Dream
10	Torgersen
11	Dream
12	Biscoe
13	Biscoe
14	Torgersen
15	Dream
16	Dream
17	Dream
18	Dream
19	Dream
20	Biscoe
21	Biscoe
22	Dream
23	Torgersen
24	Biscoe
25	Dream
26	Dream
27	Dream
28	Biscoe
29	Dream
30	Dream
31	Dream
32	Biscoe
33	Biscoe
34	Torgersen
35	Dream
36	Dream
37	Biscoe
38	Biscoe
39	Dream
40	Torgersen
41	Torgersen
42	Dream
43	Dream
44	Dream
45	Dream
46	Dream
47	Dream
48	Dream
49	Dream
50	Dream
51	Torgersen
52	Torgersen
53	Dream
54	Dream
55	Biscoe
56	Dream
57	Torgersen
58	Torgersen
59	Torgersen
60	Dream
61	Dream
62	Dream
63	Dream
64	Biscoe
65	Dream
66	Dream
67	Dream
68	Dream
69	Dream
70	Dream
71	Torgersen
72	Dream
73	Dream
74	Dream
75	Biscoe
76	Biscoe
77	Biscoe
78	Biscoe
79	Biscoe
80	Dream
81	Biscoe
82	Biscoe
83	Biscoe
84	Dream
85	Biscoe
86	Biscoe
87	Biscoe
88	Biscoe
89	Biscoe
90	Biscoe
91	Biscoe
92	Biscoe
93	Biscoe
94	Biscoe
95	Biscoe
96	Biscoe
97	Biscoe
98	Biscoe
99	Biscoe
100	Biscoe
101	Biscoe
102	Biscoe
103	Biscoe
104	Biscoe
105	Biscoe
106	Biscoe
107	Biscoe
108	Biscoe
109	Biscoe
